<?xml version="1.0" encoding="UTF-8"?>
<project-private xmlns="http://www.netbeans.org/ns/project-private/1">
    <editor-bookmarks xmlns="http://www.netbeans.org/ns/editor-bookmarks/2" lastBookmarkId="0"/>
    <open-files xmlns="http://www.netbeans.org/ns/projectui-open-files/2">
        <group>
            <file>file:/C:/SEPM/new/firstpage/src/registerPage.java</file>
            <file>file:/C:/SEPM/new/firstpage/src/toursPage.java</file>
            <file>file:/C:/SEPM/new/firstpage/src/Location.java</file>
            <file>file:/C:/SEPM/new/firstpage/src/assisttoursPage.java</file>
            <file>file:/C:/SEPM/new/firstpage/src/addTours.java</file>
            <file>file:/C:/SEPM/new/firstpage/src/locationPage.java</file>
            <file>file:/C:/SEPM/new/firstpage/src/welcomePageAdmin.java</file>
            <file>file:/C:/SEPM/new/firstpage/src/assistlocationPage.java</file>
            <file>file:/C:/SEPM/new/firstpage/src/assistaddTours.java</file>
            <file>file:/C:/SEPM/new/firstpage/src/welcomePageAssist.java</file>
            <file>file:/C:/SEPM/new/firstpage/src/loginPage.java</file>
            <file>file:/C:/SEPM/new/firstpage/src/optionTours.java</file>
            <file>file:/C:/SEPM/new/firstpage/src/add2Tours.java</file>
            <file>file:/C:/SEPM/new/firstpage/src/assistadd2Tours.java</file>
            <file>file:/C:/SEPM/new/firstpage/src/MainPageGUI.java</file>
            <file>file:/C:/SEPM/new/firstpage/src/assistoptionTours.java</file>
        </group>
    </open-files>
</project-private>
