<?xml version="1.0" encoding="UTF-8"?>
<project-private xmlns="http://www.netbeans.org/ns/project-private/1">
    <editor-bookmarks xmlns="http://www.netbeans.org/ns/editor-bookmarks/2" lastBookmarkId="0"/>
    <open-files xmlns="http://www.netbeans.org/ns/projectui-open-files/2">
        <group>
            <file>file:/C:/SEPM/new/firstpage/src/registerPage.java</file>
            <file>file:/C:/SEPM/new/firstpage/src/Tour.java</file>
            <file>file:/C:/SEPM/new/firstpage/src/loginPage.java</file>
            <file>file:/C:/SEPM/new/firstpage/src/Location.java</file>
            <file>file:/C:/SEPM/new/firstpage/src/MyConnectionClass.java</file>
            <file>file:/C:/SEPM/new/firstpage/src/welcomePageAdmin.java</file>
            <file>file:/C:/SEPM/new/firstpage/src/DbUtils.java</file>
            <file>file:/C:/SEPM/new/firstpage/src/MainPageGUI.java</file>
            <file>file:/C:/SEPM/new/firstpage/src/welcomePageAssist.java</file>
        </group>
    </open-files>
</project-private>
